{"cameraMode":{"drawMode":0,"name":"Shaded","section":"Shading Mode"},"sceneLighting":true,"audioPlay":false,"sceneViewState":{"showFog":true,"showMaterialUpdate":false,"showSkybox":true,"showFlares":true,"showImageEffects":true,"showParticleSystems":true},"in2DMode":false,"pivot":{"x":-5.999984264373779,"y":0.49660158157348635,"z":11.995835304260254},"rotation":{"x":0.38073116540908816,"y":0.15966984629631043,"z":-0.06691982597112656,"w":0.9083573222160339},"size":0.6123724579811096,"orthographic":true}