{"cameraMode":{"drawMode":0,"name":"Shaded","section":"Shading Mode"},"sceneLighting":true,"audioPlay":false,"sceneViewState":{"showFog":true,"showMaterialUpdate":false,"showSkybox":true,"showFlares":true,"showImageEffects":true,"showParticleSystems":true},"in2DMode":false,"pivot":{"x":-1.2798233032226563,"y":-0.20654296875,"z":11.517578125},"rotation":{"x":0.29781511425971987,"y":0.002863996895030141,"z":-0.0008912358898669481,"w":0.9546382427215576},"size":7.130294322967529,"orthographic":true}